Frame_ID,Timestamp,Mano_ID,DX_SX,Hand_direction_X,Hand_direction_Y,Hand_direction_Z,Palm_position_X,Palm_position_Y,Palm_position_Z,Palm_normal_X,Palm_normal_Y,Palm_normal_Z,Tip_positon_Thumb X,Tip_positon_Thumb_Y,Tip_positon_Thumb_Z,Tip_positon_Index_X,Tip_positon_Index_Y,Tip_positon_Index_Z,Tip_positon_Middle_X,Tip_positon_Middle_Y,Tip_positon_Middle_Z,Tip_positon_Ring_X,Tip_positon_Ring_Y,Tip_positon_Ring_Z,Tip_positon_Pinky_X,Tip_positon_Pinky_Y,Tip_positon_Pinky_Z
2780,493992929,24,1,-0.03720029443502426,0.3222334384918213,-0.9459290504455566,20.31380271911621,190.8792724609375,1.586369514465332,0.9380480051040649,0.33758673071861267,0.07810952514410019,19.461698532104492,174.4879608154297,-51.2124137878418,35.733978271484375,229.42764282226562,-68.88420867919922,42.876712799072266,219.64695739746094,-61.703697204589844,26.523052215576172,225.22381591796875,-46.43701171875,13.387499809265137,218.3411102294922,-23.514060974121094
2783,494047288,25,1,0.3202342987060547,0.23078598082065582,-0.918796956539154,34.71492004394531,186.07907104492188,12.45482063293457,-0.9348275065422058,0.2340857833623886,-0.2670232057571411,-20.688983917236328,199.74465942382812,-2.477224826812744,23.675540924072266,221.877197265625,-39.06974792480469,12.127665519714355,206.83816528320312,-40.271148681640625,9.88616943359375,183.04946899414062,-40.34955596923828,6.135907173156738,173.69874572753906,-22.392913818359375
2784,494066764,25,1,0.3253907561302185,0.20512725412845612,-0.9230620861053467,33.929298400878906,184.25924682617188,13.47533893585205,-0.929892361164093,0.24649454653263092,-0.27302131056785583,-21.37052345275879,198.79327392578125,-3.297502279281616,21.923423767089844,217.67454528808594,-37.47416305541992,10.28969669342041,203.93341064453125,-38.693359375,9.24754524230957,180.6376953125,-41.169254302978516,6.255049228668213,172.73236083984375,-21.725988388061523
2785,494088447,25,1,0.3292008638381958,0.19142268598079681,-0.9246535301208496,33.73930358886719,183.37290954589844,14.241080284118652,-0.9257299900054932,0.25846895575523376,-0.2760756015777588,-21.675004959106445,197.99278259277344,-3.226369619369507,21.028820037841797,215.7106170654297,-36.72549057006836,9.37618350982666,202.2525177001953,-37.324974060058594,9.54816722869873,177.89988708496094,-41.58662414550781,6.138011932373047,172.4769744873047,-20.67281150817871
2786,494116383,25,1,0.3312453031539917,0.18450745940208435,-0.9253289103507996,33.6392707824707,182.41709899902344,14.6110200881958,-0.9232675433158875,0.2656024396419525,-0.277547150850296,-21.936952590942383,197.10675048828125,-3.2333898544311523,20.599260330200195,214.18829345703125,-36.66020202636719,8.861322402954102,200.83432006835938,-36.89342498779297,9.662782669067383,176.39529418945312,-41.689083099365234,6.120752334594727,172.00384521484375,-20.112987518310547
2787,494137453,25,1,0.33270329236984253,0.17963778972625732,-0.9257639050483704,33.678707122802734,182.21881103515625,14.48935317993164,-0.920728325843811,0.27411743998527527,-0.27770307660102844,-22.028352737426758,197.35594177246094,-3.5921707153320312,20.233346939086914,213.8258056640625,-36.84690475463867,8.577393531799316,200.63284301757812,-36.46223068237305,9.83236026763916,176.0531463623047,-41.988075256347656,6.148174285888672,172.15538024902344,-19.806838989257812
2788,494167531,25,1,0.3331522047519684,0.17633582651615143,-0.926237165927887,33.58937454223633,182.14569091796875,14.508731842041016,-0.9196586012840271,0.2774159908294678,-0.27797192335128784,-22.140499114990234,197.43975830078125,-3.7280917167663574,20.028066635131836,213.63436889648438,-36.98562240600586,8.337038040161133,200.4779510498047,-36.28102111816406,9.830066680908203,175.77810668945312,-42.12373352050781,6.084723472595215,172.22918701171875,-19.61387062072754
2789,494193285,25,1,0.33354631066322327,0.17432010173797607,-0.9264768362045288,33.44709777832031,182.02676391601562,14.551657676696777,-0.9191224575042725,0.2787003219127655,-0.2784601151943207,-22.29286766052246,197.43124389648438,-3.7946197986602783,19.787494659423828,213.41241455078125,-37.086509704589844,8.108598709106445,200.25880432128906,-36.16239929199219,9.71988582611084,175.5592803955078,-42.15035629272461,5.986783504486084,172.16879272460938,-19.531858444213867
2790,494219696,25,1,0.33408865332603455,0.17272639274597168,-0.9265799522399902,33.243919372558594,181.90350341796875,14.584920883178711,-0.9184760451316833,0.2803874611854553,-0.2788988947868347,-22.509824752807617,197.46139526367188,-3.808889627456665,19.487958908081055,213.2037353515625,-37.15884017944336,7.831530570983887,200.09326171875,-36.07137680053711,9.517409324645996,175.4061737060547,-42.16147232055664,5.823705196380615,172.1630859375,-19.437591552734375
2791,494240638,25,1,0.3343666195869446,0.17179082334041595,-0.9266535639762878,33.03248596191406,181.8099822998047,14.603957176208496,-0.9181604385375977,0.2811380624771118,-0.2791822850704193,-22.7268009185791,197.42112731933594,-3.8260762691497803,19.246572494506836,213.0648956298828,-37.25578689575195,7.576834201812744,199.9661102294922,-36.041786193847656,9.315240859985352,175.28184509277344,-42.19377136230469,5.631536483764648,172.1449432373047,-19.349285125732422
2792,494268819,25,1,0.3348163664340973,0.17131607234477997,-0.9265790581703186,32.814064025878906,181.7529296875,14.61862850189209,-0.9178584218025208,0.28173327445983887,-0.27957525849342346,-22.948890686035156,197.37533569335938,-3.8458685874938965,18.99526023864746,212.95713806152344,-37.348270416259766,7.338097095489502,199.87600708007812,-36.038272857666016,9.08928394317627,175.20025634765625,-42.25511932373047,5.432952404022217,172.11817932128906,-19.388696670532227
2793,494295046,25,1,0.3351590037345886,0.1710149049758911,-0.9265108108520508,32.618587493896484,181.72308349609375,14.63387680053711,-0.9176943302154541,0.28191083669662476,-0.27993473410606384,-23.140836715698242,197.4214324951172,-3.8704833984375,18.781667709350586,212.906494140625,-37.374908447265625,7.1383137702941895,199.8334197998047,-36.030723571777344,8.886878967285156,175.1497344970703,-42.27668380737305,5.251245498657227,172.0941162109375,-19.400800704956055
2794,494321610,25,1,0.335481196641922,0.17073218524456024,-0.9264463782310486,32.46258544921875,181.7349395751953,14.655964851379395,-0.9175546169281006,0.28201234340667725,-0.2802900969982147,-23.290180206298828,197.6696014404297,-3.878247022628784,18.577590942382812,212.90794372558594,-37.36166000366211,6.988098621368408,199.85015869140625,-36.014774322509766,8.724916458129883,175.15945434570312,-42.268470764160156,5.133062362670898,172.09194946289062,-19.454387664794922
2795,494349514,25,1,0.33574244379997253,0.170461967587471,-0.9264014959335327,32.33586120605469,181.7610626220703,14.663925170898438,-0.9174234867095947,0.2821607291698456,-0.280569851398468,-23.4157657623291,197.7935028076172,-3.8858819007873535,18.405000686645508,212.92604064941406,-37.354347229003906,6.8499016761779785,199.8780059814453,-36.00096893310547,8.588062286376953,175.17861938476562,-42.27544403076172,5.031658172607422,172.1095428466797,-19.52873992919922
2796,494375953,25,1,0.33574920892715454,0.1703333556652069,-0.9264227151870728,32.22703552246094,181.87222290039062,14.643964767456055,-0.9174064993858337,0.2821877896785736,-0.2805981934070587,-23.51906967163086,197.9435577392578,-3.90429425239563,18.3044490814209,213.04747009277344,-37.3864631652832,6.741415500640869,200.00277709960938,-35.993064880371094,8.48165512084961,175.2894744873047,-42.315765380859375,4.943113803863525,172.20945739746094,-19.632600784301758
2797,494410133,25,1,0.3358263075351715,0.17022612690925598,-0.9264144897460938,32.13385772705078,181.97305297851562,14.66287899017334,-0.9173188209533691,0.28243952989578247,-0.2806316316127777,-23.564279556274414,198.10903930664062,-3.875108480453491,18.215307235717773,213.18629455566406,-37.35117721557617,6.665159225463867,200.1400604248047,-35.95771789550781,8.3877534866333,175.40646362304688,-42.3105354309082,4.878669738769531,172.30245971679688,-19.714384078979492
2798,494432340,25,1,0.3358834683895111,0.1701250672340393,-0.9264122843742371,32.10049057006836,182.032470703125,14.677266120910645,-0.9171907305717468,0.2828972339630127,-0.28058919310569763,-23.540132522583008,198.23260498046875,-3.8500688076019287,18.15320587158203,213.27076721191406,-37.270362854003906,6.646409511566162,200.23931884765625,-35.91567611694336,8.35765552520752,175.4696807861328,-42.30250930786133,4.865242004394531,172.36285400390625,-19.715715408325195
2799,494454944,25,1,0.3361783027648926,0.1698889434337616,-0.9263486862182617,32.147010803222656,182.06802368164062,14.673066139221191,-0.9168673753738403,0.2838541567325592,-0.2806796729564667,-23.43335723876953,198.42201232910156,-3.8278772830963135,18.147621154785156,213.32522583007812,-37.145294189453125,6.6817498207092285,200.32012939453125,-35.842159271240234,8.400348663330078,175.5222625732422,-42.299495697021484,4.929209232330322,172.4167022705078,-19.696495056152344
2800,494481520,25,1,0.3364246189594269,0.16958512365818024,-0.9263149499893188,32.20450973510742,182.07957458496094,14.701827049255371,-0.9166274666786194,0.2844853699207306,-0.28082409501075745,-23.29545021057129,198.56875610351562,-3.7581324577331543,18.14562225341797,213.3437042236328,-36.99238586425781,6.7366251945495605,200.35195922851562,-35.724456787109375,8.490718841552734,175.55174255371094,-42.25395202636719,5.010336875915527,172.4532012939453,-19.583757400512695
2801,494508754,25,1,0.3366498351097107,0.16927392780780792,-0.9262900352478027,32.287010192871094,182.0535430908203,14.775901794433594,-0.9163898229598999,0.28512999415397644,-0.28094589710235596,-23.156814575195312,198.60665893554688,-3.650458574295044,18.213308334350586,213.3275146484375,-36.87844467163086,6.840473175048828,200.34991455078125,-35.608863830566406,8.614422798156738,175.5430450439453,-42.17832565307617,5.105452537536621,172.4602508544922,-19.458478927612305
2802,494533540,25,1,0.3368394374847412,0.1688394695520401,-0.9263004064559937,32.390350341796875,181.97108459472656,14.85021686553955,-0.9162040948867798,0.28555604815483093,-0.28111886978149414,-22.999469757080078,198.60696411132812,-3.5613515377044678,18.313718795776367,213.25289916992188,-36.772705078125,6.9971160888671875,200.30506896972656,-35.50050354003906,8.768461227416992,175.48544311523438,-42.07959747314453,5.243278980255127,172.3882293701172,-19.373695373535156
2803,494557450,25,1,0.3371742069721222,0.16876676678657532,-0.9261918663978577,32.55988693237305,181.8712921142578,14.886553764343262,-0.9160043001174927,0.28596025705337524,-0.2813590168952942,-22.79711151123047,198.54893493652344,-3.507599353790283,18.494182586669922,213.175537109375,-36.70948791503906,7.191320896148682,200.2548370361328,-35.43131637573242,9.010635375976562,175.3973388671875,-42.031044006347656,5.420179843902588,172.29586791992188,-19.2694091796875
2804,494585043,25,1,0.3378105163574219,0.16861692070960999,-0.9259872436523438,32.7801513671875,181.72242736816406,14.945135116577148,-0.9155872464179993,0.2868829071521759,-0.2817767858505249,-22.561452865600586,198.4832305908203,-3.442777395248413,18.75776481628418,213.0599365234375,-36.593421936035156,7.451251029968262,200.1632843017578,-35.34632110595703,9.26491641998291,175.28536987304688,-41.96242141723633,5.633963108062744,172.1837158203125,-19.17506217956543
2805,494611422,25,1,0.33838528394699097,0.16844137012958527,-0.9258093237876892,33.03010177612305,181.5584716796875,15.008885383605957,-0.9151756763458252,0.2878499925136566,-0.28212735056877136,-22.263322830200195,198.36277770996094,-3.3574235439300537,19.038223266601562,212.9112548828125,-36.42831802368164,7.783990383148193,200.04159545898438,-35.254058837890625,9.557055473327637,175.1470947265625,-41.877262115478516,5.8927459716796875,172.0400390625,-19.008026123046875
2806,494636230,25,1,0.33883747458457947,0.16825897991657257,-0.9256770610809326,33.297203063964844,181.40939331054688,15.064083099365234,-0.9147858023643494,0.28887704014778137,-0.2823420464992523,-21.96397590637207,198.25694274902344,-3.2937917709350586,19.360353469848633,212.77650451660156,-36.33147430419922,8.111408233642578,199.92588806152344,-35.19590759277344,9.849202156066895,175.00123596191406,-41.8104248046875,6.1602630615234375,171.9151611328125,-18.89059829711914
2807,494658821,25,1,0.3391649127006531,0.16799966990947723,-0.9256042838096619,33.56208038330078,181.27952575683594,15.116195678710938,-0.9144508242607117,0.2898031175136566,-0.2824779748916626,-21.668426513671875,198.1652069091797,-3.2533929347991943,19.67597770690918,212.65194702148438,-36.27676010131836,8.40709400177002,199.8161163330078,-35.151084899902344,10.151004791259766,174.89308166503906,-41.75814437866211,6.418879985809326,171.80963134765625,-18.81866455078125
2808,494687135,25,1,0.3395322561264038,0.1675461381673813,-0.9255518317222595,33.806663513183594,181.1058807373047,15.168970108032227,-0.913981020450592,0.29118603467941284,-0.28257623314857483,-21.410863876342773,198.066650390625,-3.240084171295166,19.967119216918945,212.49578857421875,-36.23929214477539,8.669380187988281,199.71034240722656,-35.12666702270508,10.415921211242676,174.7727508544922,-41.723087310791016,6.6464433670043945,171.66790771484375,-18.783710479736328
2809,494713438,25,1,0.34039732813835144,0.16681984066963196,-0.9253652095794678,33.946327209472656,180.95445251464844,15.230597496032715,-0.9130774140357971,0.29365918040275574,-0.2829379439353943,-21.218006134033203,197.99293518066406,-3.2412800788879395,20.258628845214844,212.38040161132812,-36.20014953613281,8.844219207763672,199.60873413085938,-35.114810943603516,10.549066543579102,174.7183837890625,-41.687705993652344,6.764849662780762,171.57998657226562,-18.795324325561523
2810,494740918,25,1,0.3409021198749542,0.16604769229888916,-0.9253183007240295,33.92698669433594,180.78225708007812,15.18101978302002,-0.9124515652656555,0.2953910529613495,-0.28315410017967224,-21.19140625,197.90245056152344,-3.3260304927825928,20.320920944213867,212.18817138671875,-36.29209899902344,8.894408226013184,199.43003845214844,-35.22455596923828,10.502357482910156,174.65750122070312,-41.74018478393555,6.756165981292725,171.44166564941406,-18.993900299072266
2811,494769950,25,1,0.3413901925086975,0.16540654003620148,-0.92525315284729,33.85334014892578,180.63275146484375,15.123558044433594,-0.911922812461853,0.2967666983604431,-0.28341901302337646,-21.243553161621094,197.76779174804688,-3.397261619567871,20.291255950927734,212.02052307128906,-36.369659423828125,8.8783597946167,199.2767333984375,-35.348350524902344,10.391819953918457,174.57501220703125,-41.802734375,6.691230297088623,171.29119873046875,-19.284990310668945
2812,494795810,25,1,0.3417525887489319,0.16470594704151154,-0.9252443313598633,33.737548828125,180.4851837158203,15.077272415161133,-0.9115604162216187,0.2975877821445465,-0.2837236225605011,-21.340679168701172,197.6202392578125,-3.4590530395507812,20.184661865234375,211.84584045410156,-36.46443176269531,8.776318550109863,199.12173461914062,-35.4576416015625,10.237770080566406,174.46694946289062,-41.854225158691406,6.594862937927246,171.150146484375,-19.52702522277832
2813,494825726,25,1,0.34204569458961487,0.16403794288635254,-0.9252547025680542,33.58262634277344,180.29249572753906,15.051841735839844,-0.9112393856048584,0.29833173751831055,-0.28397345542907715,-21.47210693359375,197.42637634277344,-3.5069379806518555,20.0408935546875,211.6272735595703,-36.51320266723633,8.657943725585938,198.91946411132812,-35.53786849975586,10.05333137512207,174.2967529296875,-41.889434814453125,6.464075088500977,170.95721435546875,-19.68895149230957
2814,494851686,25,1,0.3423498868942261,0.1633991152048111,-0.9252552390098572,33.40595626831055,180.12838745117188,15.071532249450684,-0.9107632637023926,0.29969897866249084,-0.2840612232685089,-21.631744384765625,197.35415649414062,-3.495748996734619,19.95369529724121,211.47862243652344,-36.525970458984375,8.657719612121582,198.8459930419922,-35.6434211730957,9.875457763671875,174.13731384277344,-41.992523193359375,6.232660293579102,170.77406311035156,-19.756900787353516
2815,494890670,25,1,0.3424733281135559,0.1630888730287552,-0.925264298915863,33.22355651855469,179.97154235839844,15.101871490478516,-0.9106225371360779,0.3000219464302063,-0.2841714322566986,-21.7810115814209,197.2500457763672,-3.478037118911743,19.814599990844727,211.31802368164062,-36.526123046875,8.547503471374512,198.70506286621094,-35.679344177246094,9.701406478881836,173.98202514648438,-42.01400375366211,6.042351722717285,170.5884552001953,-19.788867950439453
2816,494913819,25,1,0.3425910770893097,0.16291800141334534,-0.9252508282661438,33.04911804199219,179.81488037109375,15.09415340423584,-0.9105842113494873,0.29997825622558594,-0.28434038162231445,-21.921266555786133,197.12733459472656,-3.488652467727661,19.654096603393555,211.14732360839844,-36.531002044677734,8.40253734588623,198.542236328125,-35.69649124145508,9.542556762695312,173.81365966796875,-42.02440643310547,5.881909370422363,170.39476013183594,-19.822086334228516
2817,494938107,25,1,0.34267932176589966,0.1627250611782074,-0.9252520799636841,32.91094207763672,179.67637634277344,15.097009658813477,-0.9105834364891052,0.29981186985969543,-0.28451836109161377,-22.037025451660156,197.02792358398438,-3.4899115562438965,19.523088455200195,211.00210571289062,-36.52677536010742,8.274883270263672,198.38795471191406,-35.69026184082031,9.420920372009277,173.64393615722656,-42.0205078125,5.7621169090271,170.230224609375,-19.82112693786621
2818,494966363,25,1,0.342768132686615,0.1624017208814621,-0.925275981426239,32.828739166259766,179.5342559814453,15.082623481750488,-0.9105251431465149,0.2998383641242981,-0.2846769392490387,-22.103614807128906,196.9378204345703,-3.496814489364624,19.411537170410156,210.84463500976562,-36.49882888793945,8.20071792602539,198.24072265625,-35.682796478271484,9.348038673400879,173.48910522460938,-42.0228385925293,5.708156108856201,170.08216857910156,-19.830490112304688
2819,494990216,25,1,0.34291160106658936,0.16226953268051147,-0.9252460598945618,32.7929801940918,179.44390869140625,15.045520782470703,-0.9104971885681152,0.2997317910194397,-0.2848784923553467,-22.1196231842041,196.87669372558594,-3.5217552185058594,19.35926055908203,210.74783325195312,-36.49258041381836,8.163405418395996,198.1492919921875,-35.67462158203125,9.335426330566406,173.38194274902344,-42.044925689697266,5.684780120849609,169.99032592773438,-19.84674835205078
2820,495017420,25,1,0.3429485559463501,0.1621183156967163,-0.9252588748931885,32.781768798828125,179.38819885253906,15.009590148925781,-0.9106206893920898,0.299135684967041,-0.28511014580726624,-22.111892700195312,196.83042907714844,-3.560131311416626,19.349634170532227,210.65933227539062,-36.52241134643555,8.155871391296387,198.0536651611328,-35.691551208496094,9.367331504821777,173.27459716796875,-42.06599426269531,5.698123931884766,169.91522216796875,-19.839754104614258
2821,495044444,25,1,0.34314534068107605,0.16200466454029083,-0.9252057671546936,32.832672119140625,179.3539581298828,14.980291366577148,-0.9106590151786804,0.2986963987350464,-0.2854480743408203,-22.039569854736328,196.81246948242188,-3.5838353633880615,19.39603614807129,210.60169982910156,-36.537811279296875,8.201595306396484,197.98861694335938,-35.70668411254883,9.452855110168457,173.1927490234375,-42.0820426940918,5.771055698394775,169.8826446533203,-19.776126861572266
2822,495071033,25,1,0.34362590312957764,0.16206058859825134,-0.9250175952911377,32.94825744628906,179.4161834716797,14.984329223632812,-0.9106255173683167,0.2982434630393982,-0.28602805733680725,-21.891315460205078,196.94271850585938,-3.5809147357940674,19.5123348236084,210.66639709472656,-36.50921630859375,8.31750774383545,198.0497283935547,-35.67287826538086,9.634392738342285,173.20675659179688,-42.07069778442383,5.920985698699951,169.93572998046875,-19.719839096069336
2823,495099432,25,1,0.34462812542915344,0.16212497651576996,-0.9246333837509155,33.15886306762695,179.462890625,15.02936840057373,-0.910290539264679,0.2983638346195221,-0.2869672179222107,-21.643478393554688,197.00396728515625,-3.538379430770874,19.71424102783203,210.7071990966797,-36.412654876708984,8.52165412902832,198.0946807861328,-35.621456146240234,9.941352844238281,173.23106384277344,-42.026302337646484,6.145939350128174,169.99868774414062,-19.51422691345215
2824,495122908,25,1,0.3453293442726135,0.16225627064704895,-0.9243487119674683,33.37363052368164,179.50816345214844,15.05585765838623,-0.9100641012191772,0.298439621925354,-0.287605881690979,-21.396371841430664,197.07742309570312,-3.524383544921875,19.930130004882812,210.74668884277344,-36.347450256347656,8.737405776977539,198.14389038085938,-35.581520080566406,10.217926979064941,173.27426147460938,-41.99516677856445,6.375348091125488,170.0522003173828,-19.40330696105957
2825,495147108,25,1,0.3458872139453888,0.16228927671909332,-0.9241343140602112,33.58058166503906,179.53274536132812,15.078011512756348,-0.9098430275917053,0.29864397644996643,-0.288092702627182,-21.161277770996094,197.11376953125,-3.529442548751831,20.14232063293457,210.7628631591797,-36.28750991821289,8.945053100585938,198.1734619140625,-35.523685455322266,10.453902244567871,173.2991485595703,-41.955711364746094,6.602723121643066,170.08424377441406,-19.349536895751953
2826,495170386,25,1,0.34638431668281555,0.16226132214069366,-0.9239529967308044,33.75236892700195,179.53028869628906,15.118120193481445,-0.9095882177352905,0.29904428124427795,-0.2884819507598877,-20.96944236755371,197.07757568359375,-3.5302155017852783,20.345535278320312,210.7446746826172,-36.23480224609375,9.121281623840332,198.16807556152344,-35.46434783935547,10.650556564331055,173.29598999023438,-41.90714645385742,6.789429187774658,170.1040496826172,-19.2957763671875
2827,495199561,25,1,0.346924364566803,0.16228048503398895,-0.9237470030784607,33.89855194091797,179.50965881347656,15.171905517578125,-0.9092680215835571,0.29967001080513,-0.28884169459342957,-20.824398040771484,197.0017547607422,-3.5000014305114746,20.539011001586914,210.7149200439453,-36.17569351196289,9.26682186126709,198.14598083496094,-35.388858795166016,10.795751571655273,173.2647247314453,-41.84782791137695,6.9435014724731445,170.1265411376953,-19.24662971496582
2828,495222828,25,1,0.347442626953125,0.16233661770820618,-0.923542320728302,34.007450103759766,179.4676971435547,15.229660987854004,-0.908973753452301,0.3002271056175232,-0.28918910026550293,-20.712156295776367,196.85670471191406,-3.460401773452759,20.70993995666504,210.6505584716797,-36.119693756103516,9.380362510681152,198.08828735351562,-35.323699951171875,10.907116889953613,173.22003173828125,-41.787750244140625,7.054757118225098,170.11865234375,-19.197589874267578
2829,495248555,25,1,0.34787166118621826,0.16252313554286957,-0.9233480095863342,34.0819206237793,179.39285278320312,15.303718566894531,-0.9087759256362915,0.300544410943985,-0.2894812822341919,-20.63884925842285,196.68263244628906,-3.4320037364959717,20.847688674926758,210.557373046875,-36.07101058959961,9.451616287231445,197.99078369140625,-35.23964309692383,10.977437973022461,173.10601806640625,-41.7186393737793,7.1382036209106445,170.06773376464844,-19.15736961364746
2830,495271791,25,1,0.34797346591949463,0.16248737275600433,-0.9233159422874451,34.10118103027344,179.28805541992188,15.364607810974121,-0.9087380170822144,0.30055755376815796,-0.28958660364151,-20.610645294189453,196.48789978027344,-3.3890585899353027,20.874862670898438,210.3879852294922,-36.038002014160156,9.449567794799805,197.80421447753906,-35.18489074707031,10.986085891723633,172.9835968017578,-41.66118240356445,7.168399333953857,169.98341369628906,-19.132305145263672
2831,495299065,25,1,0.34794336557388306,0.16251865029335022,-0.9233217835426331,34.09820556640625,179.19876098632812,15.38966178894043,-0.9088053703308105,0.30033108592033386,-0.2896101772785187,-20.60940933227539,196.35250854492188,-3.3690407276153564,20.87112045288086,210.25172424316406,-36.04751968383789,9.436631202697754,197.66604614257812,-35.1917610168457,10.980297088623047,172.8893280029297,-41.64500427246094,7.175063610076904,169.89291381835938,-19.162437438964844
2832,495322225,25,1,0.34789207577705383,0.16236631572246552,-0.9233679175376892,34.076412200927734,179.08953857421875,15.394083976745605,-0.9088561534881592,0.30014145374298096,-0.28964728116989136,-20.63161849975586,196.2434844970703,-3.3708643913269043,20.83039093017578,210.101318359375,-36.05173873901367,9.403804779052734,197.5147247314453,-35.21146774291992,10.950121879577637,172.77244567871094,-41.64234161376953,7.157050132751465,169.7781982421875,-19.1743221282959
2833,495349852,25,1,0.34779149293899536,0.16215090453624725,-0.923443615436554,34.03755187988281,178.97947692871094,15.398214340209961,-0.9089423418045044,0.2998506426811218,-0.28967806696891785,-20.665117263793945,196.14234924316406,-3.36716890335083,20.773996353149414,209.96099853515625,-36.059059143066406,9.357034683227539,197.3690948486328,-35.23055648803711,10.905172348022461,172.65797424316406,-41.63572311401367,7.1315598487854,169.65235900878906,-19.196575164794922
2834,495372458,25,1,0.347705602645874,0.1620233952999115,-0.9234983921051025,34.00110626220703,178.8874053955078,15.403779983520508,-0.9090220928192139,0.2995946407318115,-0.2896926999092102,-20.699411392211914,196.05628967285156,-3.3623502254486084,20.72389793395996,209.85324096679688,-36.063514709472656,9.31336498260498,197.2559051513672,-35.24232482910156,10.86918830871582,172.55931091308594,-41.63043975830078,7.108077526092529,169.5472869873047,-19.205129623413086
2835,495398036,25,1,0.3476000726222992,0.16190515458583832,-0.9235588312149048,33.96963119506836,178.8164520263672,15.41854476928711,-0.9091262221336365,0.29926663637161255,-0.28970494866371155,-20.729900360107422,195.99058532714844,-3.3490731716156006,20.677610397338867,209.76731872558594,-36.06230163574219,9.274961471557617,197.1683349609375,-35.243385314941406,10.84206485748291,172.4777069091797,-41.6191520690918,7.0873870849609375,169.46096801757812,-19.201679229736328
2836,495423469,25,1,0.3475356698036194,0.161875918507576,-0.923588216304779,33.994720458984375,178.75405883789062,15.411002159118652,-0.9092933535575867,0.2986547350883484,-0.289811909198761,-20.700923919677734,195.9213409423828,-3.3406355381011963,20.6846923828125,209.65200805664062,-36.077579498291016,9.304937362670898,197.06399536132812,-35.2691764831543,10.87391185760498,172.38880920410156,-41.61451721191406,7.121987819671631,169.36074829101562,-19.189268112182617
2837,495454252,25,1,0.3475261628627777,0.16155768930912018,-0.9236474633216858,34.193668365478516,178.71803283691406,15.396876335144043,-0.9094874858856201,0.2977679669857025,-0.29011502861976624,-20.48943519592285,195.90057373046875,-3.295646905899048,20.857452392578125,209.55337524414062,-36.110008239746094,9.497499465942383,197.0006866455078,-35.339561462402344,11.127524375915527,172.2988739013672,-41.61237335205078,7.33056116104126,169.2829132080078,-19.10713005065918
2838,495478507,25,1,0.3475339710712433,0.16118082404136658,-0.9237104058265686,34.386619567871094,178.6734161376953,15.376177787780762,-0.9095799326896667,0.2972579598426819,-0.2903481721878052,-20.28659439086914,195.8907012939453,-3.2836999893188477,21.042287826538086,209.4658660888672,-36.15260314941406,9.694632530212402,196.943359375,-35.39503860473633,11.356156349182129,172.23374938964844,-41.62001037597656,7.523985385894775,169.21578979492188,-19.075847625732422
2839,495503237,25,1,0.347602903842926,0.16093309223651886,-0.9237276315689087,34.574432373046875,178.6510467529297,15.35924243927002,-0.9096173048019409,0.29693603515625,-0.2905605137348175,-20.09128761291504,195.91769409179688,-3.290332794189453,21.22811508178711,209.4245147705078,-36.18313980102539,9.888461112976074,196.91543579101562,-35.42355728149414,11.564346313476562,172.18458557128906,-41.62882614135742,7.706936359405518,169.1865692138672,-19.04901885986328
2840,495534027,25,1,0.34766528010368347,0.16076406836509705,-0.9237335920333862,34.755088806152344,178.62571716308594,15.345727920532227,-0.9096012711524963,0.2968677878379822,-0.2906802296638489,-19.900768280029297,195.91615295410156,-3.2984931468963623,21.415136337280273,209.3909912109375,-36.206398010253906,10.071258544921875,196.88839721679688,-35.44051742553711,11.758379936218262,172.14854431152344,-41.63908767700195,7.884314060211182,169.16250610351562,-19.042522430419922
2841,495557535,25,1,0.3477277159690857,0.16044402122497559,-0.9237657189369202,34.901302337646484,178.59042358398438,15.321633338928223,-0.9095131754875183,0.2970501482486725,-0.29076963663101196,-19.761045455932617,195.88592529296875,-3.3275763988494873,21.58184051513672,209.3539276123047,-36.23225021362305,10.216856002807617,196.8563995361328,-35.45649337768555,11.908904075622559,172.10186767578125,-41.661067962646484,8.024081230163574,169.1276092529297,-19.078824996948242
2842,495586679,25,1,0.3476566672325134,0.15994276106357574,-0.9238793849945068,34.965213775634766,178.53732299804688,15.324268341064453,-0.9094781279563904,0.2971295714378357,-0.2907981276512146,-19.70551109313965,195.79092407226562,-3.3497679233551025,21.652015686035156,209.28355407714844,-36.248878479003906,10.2721586227417,196.79141235351562,-35.451171875,11.980273246765137,172.03265380859375,-41.6629753112793,8.086284637451172,169.07693481445312,-19.0933895111084
2843,495616750,25,1,0.3475804030895233,0.15945808589458466,-0.923991858959198,34.97938537597656,178.4771270751953,15.300086975097656,-0.9094514846801758,0.2971859574317932,-0.2908237874507904,-19.69391441345215,195.7122802734375,-3.3848137855529785,21.670461654663086,209.2113037109375,-36.285770416259766,10.272128105163574,196.71998596191406,-35.47263717651367,11.999038696289062,171.98184204101562,-41.68523406982422,8.101492881774902,169.0154571533203,-19.14411735534668
2844,495639769,25,1,0.34742194414138794,0.15899303555488586,-0.9241315722465515,34.93269729614258,178.40411376953125,15.27233600616455,-0.9095143675804138,0.29698604345321655,-0.29083144664764404,-19.736242294311523,195.635986328125,-3.4236888885498047,21.644771575927734,209.10516357421875,-36.3511962890625,10.225350379943848,196.61233520507812,-35.521907806396484,11.951979637145996,171.915283203125,-41.71452713012695,8.051835060119629,168.928466796875,-19.181547164916992
2845,495665503,25,1,0.3472423553466797,0.15862978994846344,-0.9242615103721619,34.84609603881836,178.3199462890625,15.250767707824707,-0.9096143841743469,0.2966921925544739,-0.29081860184669495,-19.820178985595703,195.53057861328125,-3.464756488800049,21.56365203857422,208.99961853027344,-36.38866424560547,10.137581825256348,196.5005645751953,-35.55717468261719,11.85961627960205,171.8257293701172,-41.73785400390625,7.965998649597168,168.8235626220703,-19.212448120117188
2846,495693074,25,1,0.3469921946525574,0.1582353264093399,-0.9244230389595032,34.716346740722656,178.2145233154297,15.224188804626465,-0.9097586870193481,0.2962969243526459,-0.2907700538635254,-19.94651222229004,195.35130310058594,-3.499455690383911,21.428592681884766,208.83392333984375,-36.42730712890625,10.008871078491211,196.3189697265625,-35.59566116333008,11.719160079956055,171.71571350097656,-41.754398345947266,7.841371059417725,168.6864776611328,-19.250751495361328
2847,495720989,25,1,0.3466798663139343,0.15767799317836761,-0.9246354699134827,34.53315353393555,178.06935119628906,15.211868286132812,-0.9099333882331848,0.295805424451828,-0.29072386026382446,-20.128387451171875,195.18714904785156,-3.524510145187378,21.231613159179688,208.62974548339844,-36.45801544189453,9.836173057556152,196.1092529296875,-35.62937545776367,11.4984712600708,171.56454467773438,-41.75175094604492,7.6693034172058105,168.4830780029297,-19.306821823120117
2848,495744999,25,1,0.34633541107177734,0.15738828480243683,-0.9248138666152954,34.326202392578125,177.9683380126953,15.217718124389648,-0.9101578593254089,0.2952330708503723,-0.29060298204421997,-20.331527709960938,195.0595245361328,-3.5303924083709717,21.01439666748047,208.51205444335938,-36.48662567138672,9.626449584960938,195.97410583496094,-35.634796142578125,11.25143051147461,171.44973754882812,-41.7379150390625,7.470797538757324,168.34747314453125,-19.355911254882812
2849,495773268,25,1,0.3459899425506592,0.15730296075344086,-0.9249576926231384,34.11024475097656,177.88665771484375,15.243947982788086,-0.9104252457618713,0.2945466935634613,-0.29046186804771423,-20.548418045043945,194.94082641601562,-3.5160017013549805,20.787086486816406,208.42129516601562,-36.4906120300293,9.401532173156738,195.859619140625,-35.61519241333008,11.003990173339844,171.33778381347656,-41.710079193115234,7.261544227600098,168.23623657226562,-19.361631393432617
2850,495798474,25,1,0.34564703702926636,0.15734854340553284,-0.9250781536102295,33.89624786376953,177.81797790527344,15.270291328430176,-0.9107490181922913,0.293660968542099,-0.29034364223480225,-20.762310028076172,194.84609985351562,-3.503129005432129,20.554527282714844,208.34548950195312,-36.479129791259766,9.176395416259766,195.7584686279297,-35.59126663208008,10.770853996276855,171.23666381835938,-41.67473220825195,7.0599894523620605,168.1321258544922,-19.354293823242188
2851,495824566,25,1,0.34534186124801636,0.15739303827285767,-0.9251845479011536,33.728729248046875,177.77328491210938,15.294922828674316,-0.9110587239265442,0.29278069734573364,-0.29026108980178833,-20.93857192993164,194.7893524169922,-3.481790542602539,20.356491088867188,208.30157470703125,-36.45341873168945,8.993484497070312,195.69561767578125,-35.55870056152344,10.585865020751953,171.1521453857422,-41.63984680175781,6.9056077003479,168.05642700195312,-19.340085983276367
2852,495851859,25,1,0.3451615571975708,0.15771381556987762,-0.925197184085846,33.685462951660156,177.85336303710938,15.341702461242676,-0.9113044142723083,0.2920878529548645,-0.2901878356933594,-21.00818634033203,194.8752899169922,-3.432109832763672,20.234121322631836,208.4021759033203,-36.38945388793945,8.916837692260742,195.78411865234375,-35.459041595458984,10.543039321899414,171.133544921875,-41.597862243652344,6.854830265045166,168.12109375,-19.276134490966797
2853,495880578,25,1,0.3450184166431427,0.15822476148605347,-0.9251633286476135,33.721744537353516,178.01583862304688,15.37891674041748,-0.9115828275680542,0.2912645637989044,-0.2901407778263092,-20.98773765563965,195.0418701171875,-3.382356882095337,20.182350158691406,208.5795135498047,-36.32931137084961,8.882075309753418,195.95321655273438,-35.35554885864258,10.591626167297363,171.2348175048828,-41.56211471557617,6.88681173324585,168.27334594726562,-19.164222717285156
2854,495910463,25,1,0.3450033962726593,0.15864190459251404,-0.9250975251197815,33.79507827758789,178.18260192871094,15.405235290527344,-0.9116958975791931,0.290937602519989,-0.29011353850364685,-20.930330276489258,195.19410705566406,-3.323392868041992,20.205955505371094,208.76136779785156,-36.25271224975586,8.919529914855957,196.131103515625,-35.27129364013672,10.666296005249023,171.37940979003906,-41.52719497680664,6.9515275955200195,168.4376983642578,-19.10468101501465
2855,495937778,25,1,0.34499168395996094,0.15894106030464172,-0.9250505566596985,33.86677169799805,178.32846069335938,15.423195838928223,-0.9117743968963623,0.2907150089740753,-0.2900901138782501,-20.870197296142578,195.33261108398438,-3.2870676517486572,20.250802993774414,208.91476440429688,-36.18681335449219,8.978178977966309,196.28062438964844,-35.21311950683594,10.738134384155273,171.5085906982422,-41.495269775390625,7.012344837188721,168.58209228515625,-19.026594161987305
2856,495963343,25,1,0.3450014889240265,0.15913952887058258,-0.9250127673149109,33.9317626953125,178.45703125,15.438806533813477,-0.9118121862411499,0.2906041443347931,-0.2900824248790741,-20.81081199645996,195.46139526367188,-3.258589744567871,20.303945541381836,209.05316162109375,-36.13854217529297,9.034313201904297,196.4158935546875,-35.16890335083008,10.799925804138184,171.62600708007812,-41.46589660644531,7.069332599639893,168.71133422851562,-18.978532791137695
2857,495989525,25,1,0.3450155556201935,0.1592663824558258,-0.9249856472015381,33.98848342895508,178.56564331054688,15.447649955749512,-0.9118108749389648,0.290630578994751,-0.290059894323349,-20.758968353271484,195.56134033203125,-3.241050958633423,20.350191116333008,209.169677734375,-36.10386276245117,9.078895568847656,196.53379821777344,-35.133827209472656,10.850783348083496,171.732666015625,-41.444793701171875,7.117043972015381,168.82484436035156,-18.946331024169922
2858,496017567,25,1,0.3449713885784149,0.1592680960893631,-0.925001859664917,33.99968719482422,178.62818908691406,15.458751678466797,-0.9118306636810303,0.29060599207878113,-0.2900223731994629,-20.7581787109375,195.60943603515625,-3.2316818237304688,20.360307693481445,209.2397003173828,-36.086708068847656,9.069210052490234,196.59707641601562,-35.09627914428711,10.854933738708496,171.80731201171875,-41.415870666503906,7.121974468231201,168.88844299316406,-18.940645217895508
2859,496041288,25,1,0.34487804770469666,0.1589832752943039,-0.9250856637954712,33.90530776977539,178.60595703125,15.4845609664917,-0.9118896126747131,0.2903909683227539,-0.29005250334739685,-20.85831069946289,195.5377197265625,-3.2470171451568604,20.274158477783203,209.19802856445312,-36.066158294677734,8.93587589263916,196.5276336669922,-35.030662536621094,10.728754043579102,171.79736328125,-41.36703109741211,7.026245594024658,168.85768127441406,-18.946720123291016
2860,496067934,25,1,0.3445771336555481,0.15865282714366913,-0.9252545237541199,33.737998962402344,178.55389404296875,15.515789031982422,-0.9120657444000244,0.28994008898735046,-0.2899496257305145,-21.021991729736328,195.42062377929688,-3.2427759170532227,20.097827911376953,209.08245849609375,-36.07439422607422,8.744988441467285,196.38877868652344,-35.01081466674805,10.533790588378906,171.756591796875,-41.334041595458984,6.865594387054443,168.798583984375,-18.96471405029297
2861,496094068,25,1,0.34429731965065,0.15847893059253693,-0.9253884553909302,33.54751968383789,178.49249267578125,15.516105651855469,-0.9122840166091919,0.28933054208755493,-0.2898719310760498,-21.209959030151367,195.31703186035156,-3.261683464050293,19.89242172241211,208.96493530273438,-36.106834411621094,8.5294771194458,196.25753784179688,-35.02362823486328,10.328112602233887,171.71383666992188,-41.33183288574219,6.682291507720947,168.7261505126953,-18.98872184753418
2862,496123769,25,1,0.34405946731567383,0.1584637463092804,-0.925479531288147,33.35519790649414,178.4341278076172,15.51768684387207,-0.9125146269798279,0.28866034746170044,-0.28981420397758484,-21.404273986816406,195.21563720703125,-3.2803118228912354,19.68012237548828,208.8822021484375,-36.138675689697266,8.316900253295898,196.16583251953125,-35.04509353637695,10.126696586608887,171.66104125976562,-41.33620071411133,6.498903274536133,168.64500427246094,-19.022451400756836
2863,496151897,25,1,0.3437792956829071,0.1585320383310318,-0.9255719184875488,33.15702819824219,178.3788604736328,15.508787155151367,-0.9127997159957886,0.2878377437591553,-0.28973451256752014,-21.60225486755371,195.1085205078125,-3.3047032356262207,19.464630126953125,208.80035400390625,-36.18424606323242,8.105596542358398,196.06826782226562,-35.10153579711914,9.926836967468262,171.6129913330078,-41.35368347167969,6.3082075119018555,168.55938720703125,-19.06751823425293
2864,496175083,25,1,0.3435027003288269,0.1586158573627472,-0.925660252571106,32.9698371887207,178.3297882080078,15.490503311157227,-0.9130745530128479,0.2870561480522156,-0.2896439731121063,-21.791189193725586,194.98953247070312,-3.324709892272949,19.247432708740234,208.72262573242188,-36.224281311035156,7.895754814147949,195.9774627685547,-35.15024185180664,9.740635871887207,171.563232421875,-41.379154205322266,6.127845287322998,168.48486328125,-19.106201171875
2865,496204057,25,1,0.34327396750450134,0.15873850882053375,-0.9257240891456604,32.79216003417969,178.28219604492188,15.46099853515625,-0.913338840007782,0.28626468777656555,-0.2895940840244293,-21.97113609313965,194.8633270263672,-3.350432872772217,19.035419464111328,208.6483917236328,-36.26054000854492,7.694803237915039,195.89462280273438,-35.20036697387695,9.564481735229492,171.50546264648438,-41.415245056152344,5.956765174865723,168.41468811035156,-19.140907287597656
2866,496228040,25,1,0.3430063724517822,0.15890543162822723,-0.9257946014404297,32.63102722167969,178.2449188232422,15.434013366699219,-0.9136357307434082,0.28539523482322693,-0.2895156443119049,-22.131685256958008,194.75961303710938,-3.368150472640991,18.837554931640625,208.59571838378906,-36.289024353027344,7.522048473358154,195.83099365234375,-35.248355865478516,9.4087553024292,171.44009399414062,-41.45108413696289,5.803143501281738,168.351806640625,-19.164491653442383
2867,496253458,25,1,0.34282156825065613,0.15909193456172943,-0.9258310794830322,32.514801025390625,178.221923828125,15.398253440856934,-0.9138641357421875,0.284713476896286,-0.28946611285209656,-22.25599479675293,194.6886444091797,-3.3843350410461426,18.660301208496094,208.5611572265625,-36.311641693115234,7.375819683074951,195.7896728515625,-35.28800582885742,9.284107208251953,171.37315368652344,-41.4917106628418,5.692567825317383,168.3138885498047,-19.19980239868164
2868,496276654,25,1,0.34241849184036255,0.15940043330192566,-0.9259271621704102,32.42753219604492,178.22471618652344,15.384003639221191,-0.9142273664474487,0.2837766110897064,-0.28923898935317993,-22.33519744873047,194.63330078125,-3.353912353515625,18.515888214111328,208.5498809814453,-36.30434799194336,7.277090072631836,195.76683044433594,-35.30195236206055,9.201988220214844,171.32427978515625,-41.50917434692383,5.618082523345947,168.29537963867188,-19.184860229492188
2869,496302803,25,1,0.3419988453388214,0.15976618230342865,-0.9260191917419434,32.393795013427734,178.26077270507812,15.394676208496094,-0.914599597454071,0.2828356921672821,-0.28898367285728455,-22.367984771728516,194.62539672851562,-3.2993760108947754,18.416852951049805,208.5747528076172,-36.27748107910156,7.207999229431152,195.7823486328125,-35.27914810180664,9.170686721801758,171.2771759033203,-41.50324249267578,5.582034587860107,168.3040771484375,-19.136157989501953
2870,496329403,25,1,0.3415493369102478,0.1603909283876419,-0.926077127456665,32.43095779418945,178.30697631835938,15.397835731506348,-0.9150242209434509,0.2817803621292114,-0.28867024183273315,-22.33860969543457,194.6140899658203,-3.231858730316162,18.3868465423584,208.61903381347656,-36.25449752807617,7.187148571014404,195.82424926757812,-35.244632720947266,9.208558082580566,171.2450714111328,-41.50062561035156,5.6057610511779785,168.33062744140625,-19.069690704345703
2871,496356173,25,1,0.3407786190509796,0.16056914627552032,-0.9263300895690918,32.532222747802734,178.3124542236328,15.444202423095703,-0.9155357480049133,0.2806363105773926,-0.28816238045692444,-22.253450393676758,194.58372497558594,-3.139214515686035,18.437442779541016,208.6123046875,-36.211280822753906,7.268674850463867,195.833251953125,-35.18989562988281,9.318675994873047,171.16744995117188,-41.45806121826172,5.6745429039001465,168.30026245117188,-18.94588851928711
2872,496383090,25,1,0.34034785628318787,0.16072210669517517,-0.926461935043335,32.70952224731445,178.24729919433594,15.469429969787598,-0.9158031940460205,0.28009194135665894,-0.2878420054912567,-22.072952270507812,194.4740753173828,-3.0392017364501953,18.58591079711914,208.5460662841797,-36.1835823059082,7.4316020011901855,195.77145385742188,-35.185977935791016,9.503292083740234,171.081298828125,-41.424110412597656,5.8215837478637695,168.22442626953125,-18.80990982055664
2873,496408939,25,1,0.34030526876449585,0.16099970042705536,-0.9264293909072876,32.94904327392578,178.21298217773438,15.512371063232422,-0.9158849716186523,0.2798735797405243,-0.2877941131591797,-21.811418533325195,194.3681182861328,-2.951815605163574,18.82281494140625,208.51353454589844,-36.1300048828125,7.660055637359619,195.74533081054688,-35.164825439453125,9.747564315795898,171.05288696289062,-41.36045455932617,6.052372932434082,168.18490600585938,-18.71184730529785
2874,496434102,25,1,0.34033772349357605,0.16119502484798431,-0.9263834953308105,33.21513366699219,178.15298461914062,15.585984230041504,-0.9158406853675842,0.2800862789154053,-0.2877281606197357,-21.528053283691406,194.28488159179688,-2.8544161319732666,19.09367561340332,208.46067810058594,-36.048152923583984,7.916640281677246,195.71461486816406,-35.09870529174805,10.012222290039062,170.9822540283203,-41.281036376953125,6.3004961013793945,168.12435913085938,-18.62784767150879
2875,496459565,25,1,0.34044644236564636,0.16117793321609497,-0.9263465404510498,33.49704360961914,178.0484619140625,15.61684799194336,-0.9157273173332214,0.280434250831604,-0.2877500653266907,-21.232406616210938,194.17176818847656,-2.7991905212402344,19.424854278564453,208.36058044433594,-36.007293701171875,8.198907852172852,195.62701416015625,-35.0716438293457,10.299930572509766,170.87124633789062,-41.23366928100586,6.559032917022705,168.02166748046875,-18.538150787353516
2876,496488944,25,1,0.34062784910202026,0.1610487401485443,-0.9263023138046265,33.79966354370117,177.9304962158203,15.663741111755371,-0.9155557155609131,0.28090453147888184,-0.2878373861312866,-20.918954849243164,194.05918884277344,-2.7425811290740967,19.78363800048828,208.25071716308594,-35.95345687866211,8.519563674926758,195.52734375,-35.045040130615234,10.602334976196289,170.75205993652344,-41.1673469543457,6.851611614227295,167.9098663330078,-18.48044204711914
2877,496513139,25,1,0.3409319221973419,0.16087216138839722,-0.9262211322784424,34.076045989990234,177.80372619628906,15.713114738464355,-0.9152902960777283,0.2816045880317688,-0.28799745440483093,-20.64031410217285,193.93577575683594,-2.6964619159698486,20.132434844970703,208.1280059814453,-35.9047737121582,8.810957908630371,195.41200256347656,-34.99415588378906,10.876020431518555,170.62869262695312,-41.10211181640625,7.111907005310059,167.81011962890625,-18.416011810302734
2878,496539050,25,1,0.3412572145462036,0.16060015559196472,-0.926148533821106,34.27629470825195,177.7012176513672,15.779088973999023,-0.9150072336196899,0.2823207676410675,-0.28819572925567627,-20.4306697845459,193.83786010742188,-2.651754856109619,20.41558837890625,208.02212524414062,-35.84246063232422,9.024401664733887,195.30422973632812,-34.9252815246582,11.08035659790039,170.53396606445312,-41.01958084106445,7.298732280731201,167.72824096679688,-18.355417251586914
2879,496565382,25,1,0.3415594696998596,0.1604374498128891,-0.9260653257369995,34.4403190612793,177.62591552734375,15.820907592773438,-0.9147016406059265,0.28319796919822693,-0.2883051931858063,-20.26104164123535,193.74591064453125,-2.6231203079223633,20.660356521606445,207.9446258544922,-35.80659484863281,9.188521385192871,195.2174835205078,-34.87616729736328,11.242000579833984,170.48634338378906,-40.96590805053711,7.452720642089844,167.684814453125,-18.33262825012207
2880,496593844,25,1,0.3417547047138214,0.16023950278759003,-0.9260275363922119,34.55681610107422,177.5848388671875,15.882481575012207,-0.9145022034645081,0.2837422788143158,-0.2884025275707245,-20.131975173950195,193.69558715820312,-2.600660562515259,20.84628677368164,207.90171813964844,-35.769962310791016,9.308209419250488,195.1546630859375,-34.817256927490234,11.361336708068848,170.4588623046875,-40.90556335449219,7.562389373779297,167.67623901367188,-18.273605346679688
2881,496619102,25,1,0.3419545590877533,0.1599905788898468,-0.9259967803955078,34.640316009521484,177.5408477783203,15.917329788208008,-0.9142971634864807,0.28428733348846436,-0.2885158956050873,-20.043298721313477,193.6574249267578,-2.594139337539673,20.971521377563477,207.85531616210938,-35.747840881347656,9.389976501464844,195.09280395507812,-34.784603118896484,11.44091796875,170.4313201904297,-40.8691520690918,7.638132095336914,167.662841796875,-18.23813819885254
2882,496643681,25,1,0.3420863747596741,0.15983635187149048,-0.9259747862815857,34.68344497680664,177.5095977783203,15.94117259979248,-0.914172887802124,0.2846013307571411,-0.2886001169681549,-19.998577117919922,193.64398193359375,-2.597611427307129,21.0467529296875,207.82220458984375,-35.74241256713867,9.43720531463623,195.051025390625,-34.77370834350586,11.48287582397461,170.4261474609375,-40.846981048583984,7.682898998260498,167.64910888671875,-18.225881576538086
2883,496668251,25,1,0.3422301411628723,0.15980422496795654,-0.9259271621704102,34.718135833740234,177.48385620117188,15.956950187683105,-0.9140693545341492,0.2848465144634247,-0.28868618607521057,-19.963468551635742,193.62759399414062,-2.604186534881592,21.106657028198242,207.79698181152344,-35.742523193359375,9.473386764526367,195.0192413330078,-34.76722717285156,11.515047073364258,170.42433166503906,-40.8361930847168,7.724573612213135,167.63856506347656,-18.22799301147461
2884,496693656,25,1,0.3423643112182617,0.1597393900156021,-0.9258887767791748,34.74798583984375,177.45236206054688,15.96656322479248,-0.9139618277549744,0.2851111888885498,-0.28876519203186035,-19.9329776763916,193.60794067382812,-2.607450008392334,21.1688175201416,207.7645721435547,-35.74720001220703,9.506257057189941,194.981201171875,-34.7695426940918,11.543050765991211,170.41859436035156,-40.83395004272461,7.756453037261963,167.63002014160156,-18.2291259765625
2885,496721383,25,1,0.34249669313430786,0.1596709042787552,-0.9258516430854797,34.76398468017578,177.4364776611328,15.98452377319336,-0.91389000415802,0.28522226214408875,-0.2888828217983246,-19.90931510925293,193.60240173339844,-2.6044845581054688,21.206331253051758,207.74075317382812,-35.7396354675293,9.52574634552002,194.95103454589844,-34.757869720458984,11.562442779541016,170.41566467285156,-40.8193473815918,7.773662090301514,167.62205505371094,-18.214628219604492
2886,496750151,25,1,0.34267765283584595,0.15966346859931946,-0.9257859587669373,34.755615234375,177.40878295898438,16.023008346557617,-0.9138040542602539,0.28534793853759766,-0.28903070092201233,-19.908052444458008,193.58421325683594,-2.591803550720215,21.199920654296875,207.69570922851562,-35.70431900024414,9.524515151977539,194.90606689453125,-34.72623062133789,11.559124946594238,170.4053955078125,-40.785743713378906,7.772153377532959,167.59841918945312,-18.177461624145508
2887,496774870,25,1,0.34285107254981995,0.15960939228534698,-0.9257310628890991,34.70732116699219,177.3619384765625,16.05457305908203,-0.9137130379676819,0.28549060225486755,-0.28917741775512695,-19.937713623046875,193.53660583496094,-2.5743114948272705,21.154296875,207.63339233398438,-35.68177795410156,9.48760986328125,194.84713745117188,-34.713096618652344,11.509674072265625,170.37208557128906,-40.760398864746094,7.728889465332031,167.55458068847656,-18.145042419433594
2888,496802164,25,1,0.3429776430130005,0.15954045951366425,-0.925696074962616,34.636356353759766,177.3321533203125,16.068939208984375,-0.913671612739563,0.28547731041908264,-0.2893214821815491,-19.996768951416016,193.50135803222656,-2.568969488143921,21.090091705322266,207.57997131347656,-35.68308639526367,9.431790351867676,194.79591369628906,-34.714847564697266,11.436555862426758,170.34925842285156,-40.75468444824219,7.664043426513672,167.52529907226562,-18.132200241088867
2889,496826279,25,1,0.34308233857154846,0.15948833525180817,-0.9256662130355835,34.56591796875,177.31248474121094,16.085952758789062,-0.9136483669281006,0.28541994094848633,-0.2894514501094818,-20.061124801635742,193.4677734375,-2.563185930252075,21.020978927612305,207.54641723632812,-35.674949645996094,9.36912727355957,194.7630615234375,-34.70748519897461,11.364752769470215,170.326416015625,-40.74626541137695,7.599039077758789,167.50343322753906,-18.125425338745117
2890,496855731,25,1,0.3431902229785919,0.15949586033821106,-0.9256249666213989,34.489078521728516,177.2999725341797,16.10213279724121,-0.9136613011360168,0.28521981835365295,-0.28960785269737244,-20.133670806884766,193.43788146972656,-2.5638434886932373,20.944419860839844,207.5229034423828,-35.66557312011719,9.29576301574707,194.7342529296875,-34.69868087768555,11.291248321533203,170.3076629638672,-40.737060546875,7.531430721282959,167.4846954345703,-18.121864318847656
2891,496880374,25,1,0.34329211711883545,0.15956853330135345,-0.9255746603012085,34.414955139160156,177.2896270751953,16.125503540039062,-0.9136818647384644,0.285014808177948,-0.2897447347640991,-20.205896377563477,193.40789794921875,-2.556037187576294,20.868200302124023,207.50665283203125,-35.64456558227539,9.222433090209961,194.71112060546875,-34.67958450317383,11.221138954162598,170.29098510742188,-40.71902847290039,7.464189052581787,167.4671630859375,-18.106836318969727
2892,496902285,25,1,0.34337496757507324,0.15969669818878174,-0.9255217909812927,34.336795806884766,177.27423095703125,16.14799690246582,-0.9137216806411743,0.2847689390182495,-0.2898608148097992,-20.28104591369629,193.369873046875,-2.544583797454834,20.788532257080078,207.4842529296875,-35.62373733520508,9.141986846923828,194.68063354492188,-34.66206741333008,11.144962310791016,170.2689666748047,-40.69927978515625,7.394069671630859,167.44317626953125,-18.090953826904297
2893,496932571,25,1,0.343421995639801,0.15986771881580353,-0.9254748225212097,34.2612190246582,177.26547241210938,16.168460845947266,-0.9137768745422363,0.28451821208000183,-0.28993311524391174,-20.356740951538086,193.33412170410156,-2.5320873260498047,20.711973190307617,207.47265625,-35.60511016845703,9.061639785766602,194.6611785888672,-34.64447021484375,11.072694778442383,170.2556610107422,-40.683685302734375,7.325926780700684,167.42825317382812,-18.0783748626709
2894,496959017,25,1,0.34347808361053467,0.1600920706987381,-0.9254152178764343,34.196311950683594,177.26193237304688,16.196285247802734,-0.9138413071632385,0.2842310070991516,-0.29001179337501526,-20.421297073364258,193.29754638671875,-2.515310525894165,20.639184951782227,207.46958923339844,-35.57843780517578,8.995022773742676,194.65321350097656,-34.62345886230469,11.02110767364502,170.24378967285156,-40.66389846801758,7.275184631347656,167.4168243408203,-18.065650939941406
2895,496984920,25,1,0.34358930587768555,0.16025227308273315,-0.9253461956977844,34.15351486206055,177.2460174560547,16.210004806518555,-0.9138646721839905,0.2840268611907959,-0.2901380956172943,-20.46290397644043,193.23379516601562,-2.510646343231201,20.579933166503906,207.4514617919922,-35.5529670715332,8.943098068237305,194.63623046875,-34.606666564941406,10.98852252960205,170.21556091308594,-40.65229797363281,7.248725891113281,167.38658142089844,-18.083829879760742
2896,497007028,25,1,0.34368446469306946,0.16041554510593414,-0.9252825975418091,34.11812210083008,177.2288055419922,16.213407516479492,-0.9138908386230469,0.28383302688598633,-0.2902452349662781,-20.49774742126465,193.18849182128906,-2.513084650039673,20.52845573425293,207.42962646484375,-35.5325927734375,8.901592254638672,194.61663818359375,-34.59908676147461,10.964573860168457,170.1870880126953,-40.647178649902344,7.227109909057617,167.3534393310547,-18.099716186523438
2897,497031042,25,1,0.34374722838401794,0.16051772236824036,-0.9252415299415588,34.08961868286133,177.208251953125,16.217945098876953,-0.9139212965965271,0.2836456894874573,-0.2903325855731964,-20.52934455871582,193.1475372314453,-2.517951726913452,20.488365173339844,207.40431213378906,-35.51816177368164,8.867279052734375,194.59030151367188,-34.59002685546875,10.944028854370117,170.15394592285156,-40.640010833740234,7.206190586090088,167.31483459472656,-18.12115478515625
2898,497056025,25,1,0.3438356816768646,0.16060465574264526,-0.9251936078071594,34.07061004638672,177.1916961669922,16.211111068725586,-0.9139472246170044,0.28343766927719116,-0.29045405983924866,-20.552616119384766,193.1179656982422,-2.5320630073547363,20.452478408813477,207.3763885498047,-35.51069259643555,8.847944259643555,194.5673828125,-34.59282684326172,10.935408592224121,170.1259307861328,-40.64274597167969,7.193695545196533,167.28099060058594,-18.137537002563477
2899,497081363,25,1,0.34392857551574707,0.1606111079454422,-0.9251579642295837,34.0594482421875,177.14833068847656,16.20243263244629,-0.9139607548713684,0.2832523584365845,-0.2905922532081604,-20.567304611206055,193.05177307128906,-2.545520782470703,20.435462951660156,207.32093811035156,-35.50782012939453,8.839117050170898,194.5130157470703,-34.60033416748047,10.93232250213623,170.06399536132812,-40.645233154296875,7.186735153198242,167.2198028564453,-18.134462356567383
2900,497108085,25,1,0.34403562545776367,0.16058123111724854,-0.9251233339309692,34.059715270996094,177.10562133789062,16.202322006225586,-0.9139490127563477,0.2831466794013977,-0.2907320559024811,-20.569852828979492,193.0009765625,-2.5483388900756836,20.434621810913086,207.2724609375,-35.502105712890625,8.840540885925293,194.4647216796875,-34.601173400878906,10.934962272644043,170.01055908203125,-40.64186477661133,7.190957546234131,167.16444396972656,-18.140169143676758
